likert_survey,,,,,,,,,,,,,
response_id,exp_profession,exp_flu_vax,exp_gender,exp_race,exp_ethnicity,exp_age_bin,exp_already_vax,resp_safety,resp_confidence_science,resp_concern_safety,resp_feel_safe_at_work,resp_will_recommend,resp_trust_info
1,1,1,0,2,2,25,1,5,2,2,1,1,1
2,1,1,1,2,2,20,1,5,1,1,1,1,1
3,,,,,,,,,,,,,
4,1,1,0,5,2,25,1,5,1,1,1,1,1
5,1,1,0,5,2,25,1,5,1,1,1,1,1
6,1,1,1,5,2,25,1,5,1,1,1,1,1
7,1,1,1,5,2,25,1,5,1,1,1,1,2
8,1,1,0,5,2,25,1,4,2,4,1,1,2
9,1,1,0,5,2,20,1,4,2,4,1,1,2
10,1,1,1,2,2,20,1,5,1,1,1,1,1
11,1,1,0,5,2,20,1,5,1,2,1,1,1
12,1,1,1,5,2,25,1,5,2,2,1,1,1
13,1,1,0,2,2,25,1,5,1,3,1,1,1
14,1,1,1,5,2,25,1,5,1,1,1,1,1
15,1,1,0,5,2,25,1,5,1,3,1,1,1
16,1,1,0,5,2,25,1,5,1,1,1,1,1
17,1,1,0,5,2,30,1,3,4,4,3,3,4
18,1,1,0,2,2,20,1,5,1,4,2,1,2
19,1,1,0,5,2,20,1,5,1,1,1,1,1
20,1,1,0,5,2,25,1,5,1,4,1,1,2
21,1,1,1,2,2,25,1,5,1,1,1,1,1
22,1,1,3,5,2,25,1,5,1,2,1,1,1
23,1,1,0,5,2,25,1,5,1,3,1,1,2
24,1,1,0,5,2,20,1,4,1,3,1,1,1
25,1,1,0,5,2,25,1,5,1,1,1,1,1
26,1,1,1,2,2,25,1,5,1,1,1,1,1
27,1,1,1,5,2,20,1,5,1,4,2,1,1
28,1,1,1,5,2,25,1,4,2,2,1,1,1
29,1,1,1,5,2,25,1,5,1,1,1,1,1
30,1,1,0,5,2,25,1,5,1,3,1,1,1
31,1,1,3,5,1,25,1,5,1,1,1,1,1
32,1,1,1,2,2,30,1,5,2,4,1,1,2
33,1,1,0,5,2,25,1,5,2,2,1,1,2
34,1,1,0,2,2,25,1,5,2,4,1,1,1
35,1,1,0,2,2,25,1,5,5,1,1,1,1
36,1,1,0,2,2,25,1,4,2,3,1,1,3
37,1,1,0,5,,25,1,5,1,4,1,1,1
38,1,1,0,5,2,30,1,5,1,4,1,1,1
39,1,1,0,5,2,20,1,5,1,3,2,1,1
40,1,1,0,5,2,30,1,3,2,2,2,3,2
41,1,1,0,3,,25,1,4,2,4,1,2,2
42,1,1,1,5,2,25,1,5,1,1,1,1,1
43,1,0,0,2,2,20,1,5,2,4,1,1,2
44,1,1,0,5,2,20,1,5,5,1,1,1,1
45,1,1,0,5,2,25,1,5,1,2,1,1,1
46,1,1,1,5,2,30,1,5,2,3,1,1,1
47,1,1,0,5,2,30,1,5,1,2,1,1,1
48,1,1,0,5,2,25,1,5,1,2,1,1,1
49,1,1,0,5,2,25,1,5,1,1,1,1,1
50,1,0,0,2,2,25,1,5,1,1,1,1,1
51,1,1,0,5,2,25,0,3,5,3,5,5,4
52,1,1,0,5,1,25,1,5,2,2,1,1,2
53,1,1,1,,,25,1,4,2,4,2,2,2
54,1,1,0,5,2,25,1,5,2,3,1,1,2
55,1,1,1,5,2,25,1,5,1,1,1,1,1
56,1,1,0,5,2,25,1,5,1,2,1,1,1
57,1,1,0,2,2,20,1,5,2,2,1,1,1
58,1,1,0,5,2,25,1,5,1,1,2,1,2
59,1,1,0,5,2,25,1,5,1,2,1,1,1
60,1,1,0,5,2,25,1,5,1,1,2,1,1
61,1,1,0,,1,20,1,5,2,3,2,1,1
62,1,1,0,5,2,25,1,5,1,1,1,1,1
63,1,1,0,5,1,30,1,5,1,2,1,1,2
64,1,1,0,5,2,25,1,5,1,1,2,1,1
65,1,1,1,5,2,25,1,5,1,3,1,1,2
66,1,1,1,5,2,25,1,5,1,1,2,1,1
67,1,1,1,5,,30,1,5,1,3,2,1,2
68,1,1,0,5,2,25,1,5,1,2,1,1,1
69,1,1,0,5,2,25,1,5,1,2,1,1,2
70,1,1,1,5,2,20,1,5,1,1,1,1,1
71,1,1,0,5,2,25,1,5,1,1,1,1,1
72,1,1,0,5,2,25,0,3,4,4,4,3,3
73,1,1,1,5,2,25,1,5,1,2,1,1,1
74,1,1,1,5,2,25,1,4,2,4,1,2,2
75,1,1,0,2,2,20,1,5,1,1,1,1,1
76,1,1,1,5,,25,0,5,1,4,5,2,1
77,1,1,1,5,2,30,1,5,1,2,1,1,1
78,1,1,0,5,1,25,1,2,1,1,3,2,1
79,1,1,0,5,2,25,1,5,1,1,1,1,2
80,1,1,1,5,2,25,1,5,1,1,1,1,1
81,1,1,0,5,2,25,1,2,3,1,1,1,1
82,1,1,0,2,2,25,1,4,2,2,1,1,1
83,1,1,1,5,2,25,1,5,1,1,1,2,1
84,1,1,0,5,2,20,1,5,1,1,1,1,1
85,1,1,0,5,2,25,1,5,1,1,1,1,1
86,1,1,0,3,2,25,1,4,2,2,1,1,2
87,1,1,1,5,2,25,1,5,1,1,1,1,1
88,1,1,1,5,,25,1,4,2,4,3,2,2
89,1,1,1,5,2,25,1,5,1,3,2,1,1
90,1,1,0,5,2,25,1,5,2,4,1,1,2
91,1,1,0,5,2,25,1,5,1,2,1,1,2
92,1,1,0,5,2,20,1,4,3,3,3,2,4
93,1,1,0,5,2,25,1,5,1,2,1,1,1
94,1,1,0,5,2,25,1,5,1,1,1,1,1
95,1,1,0,5,2,25,1,5,1,1,1,1,1
96,1,1,0,2,2,25,1,5,1,4,1,1,1
97,1,1,0,2,2,25,1,4,2,2,1,1,2
98,1,1,0,5,,25,1,5,1,1,1,1,1
99,1,1,1,5,2,25,1,5,1,1,1,1,2
100,1,1,1,5,2,25,1,5,1,1,1,1,1
101,1,1,0,5,2,25,1,5,1,3,1,1,1
102,1,1,0,5,2,25,1,5,1,2,1,1,2
103,1,1,1,5,,30,1,5,2,4,1,1,2
104,1,1,1,2,2,25,1,5,2,2,1,1,2
105,1,1,0,2,2,25,1,4,3,3,2,1,1
106,1,1,0,5,2,25,1,5,1,2,1,1,1
107,1,1,0,5,2,25,1,5,1,4,1,1,1
108,1,1,1,5,2,25,1,5,1,2,1,1,1
109,1,1,0,2,2,20,1,4,3,4,1,1,2
110,1,1,1,2,2,25,1,4,2,3,1,2,1
111,1,1,0,5,2,25,1,5,1,4,1,1,1
112,1,1,0,5,2,20,1,5,1,1,1,1,1
113,1,1,0,2,2,25,1,4,3,2,1,1,1
114,1,1,,,,,1,,,,,,
115,1,1,,,,,0,,,,,,
116,1,1,,,,,0,,,,,,
117,1,1,1,5,2,25,1,5,1,1,1,1,1
118,1,,,,,,,,,,,,
119,1,1,0,5,1,25,1,5,1,2,1,1,2
120,1,1,0,2,2,30,1,5,1,2,1,1,1
121,1,1,0,5,2,25,1,5,1,1,1,1,1
122,1,1,0,5,2,20,1,5,1,1,1,1,1
123,1,1,0,5,2,25,1,5,1,5,1,1,1
124,1,1,0,3,2,20,1,5,1,1,1,1,1
125,1,1,1,5,2,25,1,5,1,1,1,1,1
126,1,1,0,5,2,25,1,5,1,2,1,1,1
127,1,1,0,2,2,20,1,4,2,2,1,1,1
128,1,1,0,2,2,20,1,4,2,4,1,1,2
129,1,1,1,5,2,25,1,5,1,4,1,1,3
130,1,1,0,5,2,25,1,5,1,2,1,1,1
131,1,1,0,5,2,25,1,3,3,5,2,5,4
132,1,1,0,5,2,25,1,5,1,2,1,1,1
133,1,1,0,5,2,20,1,5,1,2,1,1,2
134,1,1,0,5,2,25,1,5,5,2,2,1,2
135,1,1,0,5,2,25,1,4,1,4,1,1,1
136,1,1,1,5,2,20,1,5,1,1,1,1,1
137,1,1,1,5,2,25,1,5,1,1,1,1,1
138,1,1,1,5,2,25,1,5,1,1,1,1,1
139,1,1,1,2,2,25,1,5,1,2,1,1,1
140,1,1,0,5,2,25,1,5,1,1,1,1,1
141,1,1,1,5,2,30,1,5,1,1,1,1,1
142,1,1,0,5,2,25,1,4,2,4,2,1,1
143,1,1,0,5,2,25,1,5,2,2,1,1,1
144,1,1,0,5,2,25,1,5,1,1,1,1,1
145,1,1,0,5,2,20,1,5,1,2,2,1,1
146,1,1,0,5,2,20,1,5,1,2,2,1,2
147,1,1,0,5,2,25,1,5,1,2,1,1,1
148,1,1,1,5,2,30,1,5,1,2,1,1,1
149,1,1,0,5,2,25,1,5,1,1,1,1,1
150,,1,0,5,2,25,0,4,3,4,2,2,2
151,1,1,,,,,1,,,,,,
152,,,,,,,,,,,,,
153,,,,,,,,,,,,,
154,1,1,,,,,1,,,,,,
155,1,1,,,,,1,,,,,,
156,1,1,0,5,2,20,1,5,1,2,1,1,1
157,1,1,0,5,2,20,1,5,1,2,1,1,2
158,1,1,1,5,2,25,1,5,1,2,1,1,1
159,1,1,1,2,2,25,1,5,1,1,1,1,1
160,1,1,1,2,2,20,1,5,1,2,1,1,1
161,1,1,1,2,2,30,1,5,1,1,1,1,1
162,1,1,1,5,2,20,1,5,1,1,1,1,1
163,1,1,0,5,2,20,1,5,1,2,1,1,1
164,1,1,1,2,2,20,1,5,1,4,1,1,1
165,1,1,1,5,2,25,1,5,2,2,1,1,1
166,1,1,0,2,2,25,1,5,1,2,1,1,1
167,1,1,3,5,2,25,1,5,1,1,1,1,1
168,1,1,1,2,2,25,1,5,1,4,1,1,1
169,1,1,0,2,2,20,1,5,1,2,1,1,1
170,1,1,0,5,2,20,1,4,1,2,1,1,1
171,1,1,0,2,1,25,1,5,1,2,1,1,1
172,1,1,1,5,1,25,1,5,1,2,5,1,1
173,1,1,0,5,2,25,1,4,2,4,1,1,1
174,1,1,1,5,1,20,1,5,1,1,1,1,1
175,1,1,0,5,1,25,1,5,2,2,1,1,1
176,1,1,0,5,2,25,1,5,1,1,1,1,1
177,1,1,1,5,2,20,1,5,2,2,1,1,1
178,1,1,0,5,2,25,1,5,1,1,1,1,1
179,1,1,0,5,2,,1,5,2,2,1,1,1
180,1,1,1,2,2,25,1,5,2,2,1,1,1
181,1,1,1,5,2,25,0,4,4,4,5,2,2
182,1,1,0,5,1,25,1,5,1,3,1,1,3
183,1,1,0,5,2,25,1,4,2,5,1,2,2
184,1,1,0,5,1,20,1,4,2,4,1,1,2
185,1,1,0,2,2,20,1,5,1,1,1,1,1
186,1,1,0,2,2,20,1,5,1,4,1,1,1
187,1,1,0,5,2,25,1,5,1,2,1,1,1
188,1,1,1,5,2,25,1,5,1,1,1,1,1
189,1,1,1,5,2,25,1,4,2,2,1,1,1
190,1,1,0,2,2,25,1,5,1,4,1,1,1
191,1,1,0,2,2,25,1,5,1,2,1,1,1
192,1,1,0,5,2,25,1,5,1,2,1,1,1
193,1,1,1,5,2,25,1,5,1,3,1,1,1
194,1,1,0,5,2,25,1,5,1,1,1,1,1
195,1,1,0,5,2,25,1,5,1,1,1,1,1
196,1,1,0,5,1,20,1,4,2,4,1,1,1
197,1,1,1,5,2,25,1,5,1,5,1,1,1
198,1,1,0,5,2,20,1,5,1,4,1,1,1
199,1,0,1,2,2,20,1,5,1,3,1,3,1
200,1,1,1,3,2,25,1,5,1,2,1,1,1
201,1,1,0,5,2,25,1,5,1,2,1,1,1
202,1,1,0,5,2,25,1,5,1,1,1,1,1
203,1,1,0,5,2,20,1,5,2,2,1,1,2
204,1,1,0,2,2,20,1,5,1,2,1,1,2
205,1,1,1,3,2,20,1,5,1,2,1,1,1
206,1,1,0,5,2,25,1,5,1,1,1,1,1
207,1,1,1,5,2,20,1,5,1,1,2,1,2
208,1,1,,,,,1,,,,,,
209,1,1,0,2,,25,1,4,2,4,1,1,2
210,1,1,0,5,2,25,1,5,1,2,2,1,1
211,1,1,1,2,2,25,1,5,1,2,1,1,1
212,1,1,0,5,2,20,1,5,2,4,2,1,2
213,1,1,0,3,2,20,1,5,1,3,1,1,1
214,1,1,0,5,2,20,1,4,3,4,1,1,2
215,1,1,3,2,2,20,1,5,1,2,1,1,1
216,1,1,0,2,2,20,1,,1,,1,1,1
217,1,0,0,1,1,25,1,2,1,2,1,1,2
218,1,1,0,5,2,20,1,2,2,4,1,1,2
219,1,1,0,2,2,25,1,1,2,4,1,1,1
220,1,1,0,5,2,25,1,1,1,4,1,1,1
221,1,0,0,2,2,25,1,1,1,3,1,1,1
222,1,1,1,2,2,25,1,1,1,2,1,1,4
223,1,1,0,2,2,20,1,1,1,5,1,1,1
224,1,1,1,5,2,25,1,1,2,4,1,1,1
225,1,1,0,3,2,25,1,1,1,5,1,1,1
226,1,1,0,5,2,20,1,2,2,4,1,1,2
227,0,1,0,5,2,20,1,2,2,4,2,2,2
228,0,1,0,2,2,20,1,2,2,3,1,1,2
229,0,1,0,3,2,0,0,4,5,1,5,5,1
230,0,1,0,2,2,20,1,2,2,2,1,1,1
231,0,1,0,5,2,20,1,1,1,2,1,1,1
232,1,1,1,2,,20,1,1,2,2,1,1,1
233,0,1,0,5,2,0,1,1,1,4,1,1,1
234,0,1,0,5,2,0,1,1,1,4,1,1,1
235,0,1,0,5,2,20,1,1,1,5,1,1,1
236,1,1,0,5,2,20,1,1,1,3,1,1,1
237,0,1,0,2,2,0,1,1,1,4,1,1,1
238,0,1,0,2,2,20,1,1,1,2,1,1,1
239,0,1,0,5,2,0,1,2,2,4,1,1,1
240,0,1,0,2,2,20,1,1,1,3,1,1,1
241,1,1,0,2,2,25,1,1,1,5,1,1,2
242,0,1,0,2,2,20,1,1,1,2,1,1,1
243,1,1,0,5,2,20,1,1,2,4,1,1,1
244,0,1,0,5,2,20,1,1,1,4,1,1,1
245,0,1,0,5,2,0,1,1,1,5,1,1,1
246,0,0,0,5,2,20,1,1,1,5,1,1,1
247,0,0,0,5,2,0,1,1,1,5,1,1,1
248,1,1,0,2,2,25,1,1,1,4,1,1,1
249,0,1,0,5,,0,1,1,1,4,1,1,2
250,0,1,3,3,2,0,0,1,1,2,2,1,1
251,0,1,0,5,2,20,1,1,1,4,1,1,1
252,0,1,0,2,2,20,1,1,1,4,1,1,1
253,1,1,0,5,2,25,1,2,2,2,1,1,1
254,1,1,1,3,2,25,1,2,2,2,1,2,2
255,0,1,0,2,2,0,1,1,1,3,1,1,1
256,0,1,0,5,2,0,1,1,3,4,1,1,2
257,0,1,1,2,2,0,0,2,2,2,5,3,4
258,0,1,0,2,2,0,1,1,1,3,1,1,1
259,0,1,0,2,2,20,1,1,1,1,1,1,1
260,0,1,0,5,2,20,1,1,2,2,1,1,1
261,0,1,0,5,2,20,1,2,2,2,1,1,2
262,1,1,0,2,2,20,1,1,1,4,1,1,1
263,1,1,1,5,2,25,1,1,2,1,1,1,2
264,1,1,1,2,2,20,1,1,1,5,1,1,1
265,1,1,0,5,1,25,1,1,2,2,1,1,2
266,1,1,0,5,2,20,1,1,1,4,1,1,1
267,1,1,1,2,2,20,1,1,1,4,1,1,1
268,0,1,0,5,2,20,1,1,1,4,1,1,1
269,1,1,0,5,2,25,1,1,2,5,2,1,2
270,0,1,0,2,2,20,1,2,2,2,1,1,1
271,1,1,0,2,2,25,1,1,1,4,1,1,2
272,1,1,0,5,2,25,1,1,1,5,1,1,1
273,1,1,0,5,2,25,1,1,1,3,1,2,2
274,1,0,1,5,2,20,1,1,1,2,1,2,1
275,1,1,1,5,2,25,1,1,2,3,1,1,1
276,1,1,0,2,2,25,1,1,2,4,2,1,2
277,1,1,0,5,2,25,1,1,1,2,2,1,1
278,1,1,1,5,2,30,1,1,3,3,5,1,3
279,1,1,0,5,2,25,1,1,1,4,1,1,1
280,1,1,1,5,2,25,1,2,2,3,3,2,2
281,0,1,0,5,2,20,1,1,2,4,1,1,2
282,0,1,1,5,2,0,1,1,1,4,1,1,2
283,1,1,0,5,2,25,1,1,1,3,1,1,1
284,1,1,1,5,2,25,1,1,1,2,1,1,1
285,,1,0,5,2,25,1,1,1,5,1,1,1
286,0,1,0,5,2,20,1,1,1,2,1,1,1
287,1,1,0,2,2,30,1,1,1,3,1,1,1
288,1,1,0,5,2,25,1,1,1,4,1,1,1
289,0,1,0,5,2,20,1,1,1,4,1,1,1
290,0,1,0,5,2,0,1,1,2,2,3,1,2
291,1,1,0,2,2,25,1,2,2,2,1,1,1
292,1,1,0,5,2,25,1,1,2,2,1,1,2
293,1,1,0,5,2,25,1,2,4,2,1,1,2
294,1,1,0,5,2,25,1,1,1,5,1,1,1
295,1,1,0,2,2,20,1,2,2,2,1,1,2
296,1,1,0,5,2,25,1,1,1,4,1,1,1
297,1,1,0,5,1,20,1,2,1,2,1,1,1
298,1,1,0,5,2,25,1,3,4,2,1,1,3
299,1,1,0,,,25,1,1,1,5,1,1,1
300,1,1,0,2,2,20,1,2,2,3,1,1,1
301,1,1,1,5,2,25,1,1,2,4,1,1,1
302,1,1,0,5,2,25,1,1,2,4,1,1,1
303,1,1,0,5,2,25,1,1,2,5,1,1,1
304,1,1,0,5,2,25,1,2,2,4,4,1,2
305,1,1,0,5,2,25,1,1,1,4,1,1,1
306,1,1,1,5,2,25,1,2,2,2,2,2,2
307,1,1,1,5,2,25,1,1,1,4,1,1,1
308,1,1,0,5,2,25,1,1,2,4,1,1,2
309,1,1,0,5,1,25,1,1,1,5,1,1,1
310,1,1,0,5,2,20,1,1,1,4,1,1,1
311,1,1,0,5,2,25,1,1,1,5,2,2,1
312,1,1,0,5,2,25,1,2,1,4,1,1,2
313,1,1,1,5,2,25,1,1,2,5,1,1,1
314,0,1,0,5,2,0,1,2,2,4,1,1,1
315,1,1,1,5,,25,1,1,2,4,2,1,2
316,1,1,0,5,2,25,1,1,1,4,1,1,1
317,1,1,0,3,2,20,1,1,1,2,2,1,1
318,0,1,0,5,2,20,1,2,2,5,1,1,2
319,1,1,0,5,2,25,1,2,2,4,1,1,2
320,1,1,1,5,2,25,1,1,1,5,1,1,1
321,1,1,0,3,2,25,1,1,1,4,1,1,1
322,1,1,0,5,1,25,1,1,1,3,1,1,1
323,1,1,1,5,2,25,1,1,1,4,2,1,1
324,1,1,0,5,2,20,1,1,1,,4,1,1
325,1,1,0,5,2,25,1,1,1,4,1,1,1
326,0,1,0,5,1,0,1,2,2,2,2,1,1
327,1,1,0,5,2,25,1,1,1,5,1,1,1
328,1,1,1,5,2,,1,2,1,3,2,2,2
329,1,1,0,5,2,25,1,1,1,3,1,1,1
330,1,1,1,2,2,25,1,1,1,4,1,1,1
331,1,1,1,5,2,25,1,1,1,4,1,1,1
332,1,1,1,5,2,30,1,2,1,4,1,1,1
333,1,1,1,2,2,25,1,1,1,4,1,1,1
334,1,0,1,5,2,25,0,1,2,4,3,2,2
335,1,1,1,2,2,25,1,1,1,5,1,1,1
336,1,0,1,2,2,25,1,1,1,5,1,1,1
337,1,1,1,5,2,25,1,1,1,5,1,1,1
338,1,1,0,2,2,20,1,1,1,4,1,1,1
339,1,0,0,5,2,20,1,1,2,4,1,1,4
340,0,1,1,5,2,20,1,1,1,5,1,1,1
341,1,1,4,3,2,20,1,1,1,4,1,2,1
342,1,1,0,2,2,20,1,1,1,2,1,1,1
343,1,1,,,,,1,,,,,,
344,1,1,1,5,2,20,1,1,1,5,1,1,1
345,1,1,,,,,1,,,,,,
346,1,1,,,,,1,,,,,,
347,1,1,,,,,1,,,,,,
348,0,1,0,3,2,20,1,2,2,1,1,1,1
349,0,1,0,5,2,20,1,1,1,4,1,1,1
350,0,1,0,5,2,30,1,1,1,5,1,1,1
351,0,1,0,2,2,25,1,2,1,2,1,1,1
352,0,1,0,2,2,20,1,2,2,2,1,1,1
353,0,0,0,5,2,25,1,2,2,3,2,1,2
354,0,1,1,2,2,30,1,1,1,1,1,1,1
355,0,1,1,5,2,20,1,1,1,4,1,1,1
356,0,1,1,5,2,30,1,2,2,2,1,1,1
357,0,1,0,5,1,30,1,1,2,2,1,1,2
358,0,1,0,5,2,30,1,1,1,4,1,1,1
359,0,1,0,5,2,30,1,2,1,4,2,1,1
360,0,1,0,5,2,30,1,2,2,2,1,1,2
361,0,1,0,5,2,20,1,1,1,5,1,1,1
362,0,1,0,5,2,30,1,1,1,5,1,1,1
363,0,1,0,5,2,25,1,1,1,5,1,1,2
364,0,1,0,5,2,20,1,1,1,4,1,1,1
365,0,1,0,5,2,20,1,2,2,2,1,1,1
366,0,1,0,5,,30,1,1,2,4,1,1,1
367,0,1,0,5,,30,1,1,1,4,1,1,1
368,0,1,0,5,2,25,1,1,1,4,1,1,1
369,0,1,0,5,,25,1,2,3,4,1,1,1
370,0,1,0,5,2,20,1,1,1,5,1,1,1
371,0,1,0,3,2,25,1,1,1,4,1,1,1
372,0,1,0,5,2,20,1,1,1,1,1,1,1
373,0,1,0,5,2,25,1,1,1,4,1,1,1
374,1,1,,,,,1,,,,,,
375,0,1,0,5,2,30,1,1,1,4,1,1,1
376,0,1,0,5,2,30,1,1,1,4,1,1,1
377,0,1,0,5,2,30,1,2,1,4,1,1,1
378,0,1,0,3,2,25,1,2,2,3,3,2,2
379,0,1,0,5,2,25,1,1,1,5,1,1,1
380,0,1,0,5,2,30,1,1,1,4,1,1,1
381,,1,0,3,2,30,0,3,3,1,5,1,4
382,0,1,0,5,2,25,1,1,1,3,1,1,1
383,0,0,1,3,2,25,1,2,2,3,2,1,2
384,0,1,0,5,2,30,1,2,2,2,2,2,2
385,0,1,0,5,2,30,1,2,2,2,2,1,2
386,0,1,0,5,2,30,1,1,1,2,1,1,1
387,0,1,0,5,,25,0,4,4,2,4,2,4
388,0,1,0,5,2,25,1,1,1,4,1,1,1
389,0,1,0,5,2,20,1,3,2,2,3,3,2
390,0,1,1,5,2,30,1,1,1,3,1,1,2
391,0,1,0,5,1,20,1,1,1,2,1,1,1
392,0,1,0,5,2,30,1,1,1,5,1,1,1
393,0,1,1,5,2,25,1,1,1,5,1,1,1
394,0,1,0,2,2,20,1,1,1,5,1,1,1
395,1,1,1,5,2,25,1,1,1,5,1,1,1
396,0,1,0,5,1,25,1,1,2,4,1,1,1
397,0,1,0,5,2,25,1,1,1,4,1,1,2
398,0,1,0,5,2,30,1,2,2,2,1,1,2
399,0,1,0,5,2,30,1,1,1,5,1,1,1
400,0,1,0,5,2,20,1,1,1,5,1,1,1
401,0,1,0,5,2,20,1,1,1,2,1,1,1
402,0,1,0,5,2,25,1,1,1,4,1,1,1
403,1,1,,,,,1,,,,,,
404,0,1,0,5,1,25,1,1,1,4,1,1,1
405,0,1,0,2,2,20,1,1,1,2,1,1,1
406,1,1,0,2,2,20,1,1,1,4,1,1,1
407,1,1,0,3,2,25,1,1,1,5,1,1,1
408,0,1,0,2,2,30,1,2,2,2,2,2,2
409,0,1,0,5,2,30,1,1,1,5,1,1,1
410,0,1,3,5,1,30,1,2,2,4,1,1,2
411,1,1,0,2,2,25,1,2,2,2,1,1,2
412,0,1,1,5,2,25,1,1,1,5,1,1,1
413,0,1,0,5,2,25,1,1,1,4,1,1,1
414,,,,,,,,,,,,,
415,0,1,0,2,2,30,1,1,1,2,1,1,1
416,0,0,0,3,2,30,0,5,3,1,5,5,4
417,0,1,0,5,2,20,1,1,1,4,1,1,1
418,0,1,0,2,2,20,1,1,1,3,1,1,1
419,1,1,,,,,1,,,,,,
420,0,1,0,3,,30,1,2,2,2,3,1,2
421,1,1,,,,,1,,,,,,
422,0,1,1,5,2,30,0,4,3,1,4,4,4
423,1,1,,,,,1,,,,,,
424,1,1,0,3,2,25,1,2,2,4,1,1,1
425,1,1,1,5,2,25,1,1,1,5,1,1,1
426,0,1,0,2,2,25,1,1,1,2,1,1,1
427,1,1,0,5,2,30,1,1,2,4,1,1,2
428,1,1,1,5,1,25,1,1,1,4,1,1,1
429,1,1,0,5,2,30,1,2,2,4,1,1,1
430,1,1,0,5,2,20,1,1,2,4,1,1,2
431,1,1,0,5,2,25,1,2,1,5,1,1,1
432,1,1,0,3,2,25,1,1,1,5,1,1,1
433,1,1,0,5,2,20,1,2,3,2,1,2,2
434,1,1,0,5,2,20,1,1,1,5,1,1,1
435,1,1,1,5,2,20,1,1,2,3,1,1,1
436,1,1,1,5,2,25,1,3,4,1,5,4,5
437,1,1,1,5,2,20,1,1,2,5,3,1,1
438,1,1,0,5,2,25,1,1,1,5,1,1,1
439,1,1,1,5,2,25,1,1,1,5,1,1,1
440,1,1,1,3,2,25,1,1,1,4,1,1,2
441,1,1,1,5,2,25,1,1,1,5,1,1,1
442,1,1,1,5,1,25,1,1,1,2,1,1,1
443,1,1,0,2,2,25,1,1,1,4,1,1,1
444,1,1,0,5,2,20,1,1,1,2,1,1,1
445,1,1,0,5,2,25,1,1,1,4,2,1,1
446,1,1,0,2,,20,1,1,2,4,1,1,1
447,1,1,0,2,2,20,1,1,1,4,1,1,1
448,1,1,0,5,2,20,1,1,1,5,1,1,1
449,1,1,0,5,2,25,1,1,1,5,1,1,1
450,1,1,1,2,2,25,1,1,1,4,1,1,1
451,1,1,0,2,2,25,1,1,1,3,1,1,1
452,1,1,1,5,2,25,1,1,1,4,1,1,1
453,1,1,0,5,2,25,1,1,1,4,1,1,1
454,1,1,1,4,2,30,1,2,2,4,1,1,2
455,1,1,0,5,2,20,1,1,1,5,1,1,1
456,1,1,0,5,2,20,1,1,1,5,1,1,1
457,1,1,0,5,2,20,1,1,1,2,1,1,1
458,1,1,1,5,2,20,1,1,1,5,1,1,1
459,1,1,1,2,2,20,1,1,1,5,2,1,1
460,1,1,0,5,2,20,1,1,1,4,1,1,1
461,1,1,,,,,1,1,1,2,1,1,1
462,1,1,0,5,2,20,1,1,1,4,1,1,1
463,1,1,0,2,2,,1,1,1,4,1,1,1
464,1,1,0,5,2,25,1,1,1,3,1,1,1
465,1,1,0,2,2,20,1,1,1,5,1,1,1
466,1,0,1,,2,,1,2,2,2,4,3,4
467,1,1,0,5,2,30,1,1,,4,1,1,2
468,1,1,1,5,2,25,1,1,2,4,1,1,1
469,1,1,1,5,2,25,1,1,1,5,1,1,1
470,1,1,0,5,2,25,1,1,1,5,1,1,2
471,1,1,0,2,2,20,1,1,2,3,1,1,1
472,1,1,0,5,2,25,1,1,1,4,1,1,1
473,1,0,0,5,2,25,1,1,1,5,1,1,1
474,1,1,1,5,2,25,1,1,1,5,1,1,1
475,1,1,0,2,2,20,1,2,2,3,1,1,3
476,1,1,0,2,2,20,1,1,1,4,1,1,1
477,1,1,1,5,2,30,1,1,1,4,1,1,1
478,1,1,0,5,2,20,1,1,2,4,1,1,1
479,1,1,0,2,2,25,1,1,1,3,1,1,1
480,1,1,0,2,2,20,1,1,1,4,1,1,2
481,1,1,0,2,2,25,1,1,1,4,1,1,1
482,1,1,0,2,2,20,1,2,2,4,1,1,1
483,0,1,0,5,1,30,1,1,1,4,1,1,1
484,1,1,0,5,2,20,1,1,1,3,1,1,2
485,1,1,1,2,2,20,1,2,1,3,1,1,1
486,1,1,1,5,2,25,1,1,1,4,1,1,1
487,1,1,0,5,2,25,1,2,1,4,1,1,1
488,1,1,1,5,2,30,1,1,1,4,1,1,1
489,1,1,0,5,2,20,1,1,1,5,1,1,1
490,1,1,0,5,2,25,1,1,1,4,1,1,1
491,1,1,1,5,2,20,1,2,1,3,1,1,2
492,1,1,1,2,,20,1,1,1,5,1,1,1
493,0,1,4,,2,30,0,2,3,4,5,5,4
494,1,1,0,5,2,25,1,1,1,2,1,1,1
495,0,1,0,5,,25,1,1,1,5,1,1,1
496,0,1,0,5,2,20,1,2,1,2,1,1,1
497,1,1,1,2,2,25,1,2,1,4,1,1,1
498,1,1,1,5,2,25,1,1,2,5,1,1,1
499,1,1,0,5,2,,1,1,1,4,1,1,1
500,1,1,0,2,2,25,1,1,1,4,1,1,1
501,1,1,0,5,2,25,1,1,1,5,1,1,1
502,1,1,0,5,1,20,1,1,2,5,1,1,2
503,1,1,1,5,2,20,1,1,1,5,1,1,1
504,1,1,0,2,2,25,1,1,1,4,1,1,1
505,1,1,0,5,2,20,1,1,1,5,1,1,1
506,1,1,1,2,2,25,1,1,1,4,2,1,1
507,1,1,0,5,2,20,1,1,1,5,1,1,1
508,1,1,0,5,2,25,1,1,1,5,2,1,1
509,1,1,0,4,2,25,1,2,2,2,2,1,2
510,0,1,0,5,2,25,1,2,1,3,1,1,2
511,1,1,0,5,2,25,1,1,1,4,1,1,1
512,1,1,0,5,2,25,1,1,1,2,2,1,1
513,1,1,0,1,2,25,1,1,1,4,1,1,1
514,1,1,1,2,2,20,1,1,1,5,1,1,1
515,0,1,0,1,2,30,1,3,1,2,3,2,1
516,0,1,1,2,2,25,1,1,2,2,1,1,2
517,1,1,0,2,,25,0,1,2,4,1,1,1
518,1,1,0,5,2,25,1,2,2,2,2,2,2
519,1,1,1,5,2,20,1,1,1,5,1,1,1
520,1,1,0,5,2,20,1,1,1,5,1,1,1
521,1,1,1,2,2,20,1,1,1,4,1,1,1
522,1,1,0,5,1,30,1,1,1,4,1,1,1
523,1,1,0,5,2,25,1,1,1,5,1,1,1
524,1,1,,,,,1,,,,,,
525,1,1,,,,,1,,,,,,
526,1,1,0,2,2,25,1,1,1,5,1,1,1
527,1,1,,,,,1,,,,,,
528,1,,,,,,,,,,,,
529,,,,,,,,,,,,,
530,1,1,,,,,1,,,,,,
531,1,1,,,,,1,,,,,,
532,1,1,,,,,1,,,,,,
533,1,1,0,5,2,25,1,1,1,4,1,1,1
534,0,1,,,,,0,,,,,,
535,0,1,0,5,2,30,1,2,2,2,1,1,2
536,1,1,0,5,2,25,1,1,1,4,1,1,1
537,1,1,1,5,2,25,1,1,1,5,1,1,1
538,1,0,1,3,2,25,1,1,1,5,1,1,1
539,1,1,0,5,2,25,1,1,1,5,1,1,1
540,1,1,1,5,2,25,1,1,1,5,1,1,1
541,1,1,0,5,2,25,1,1,1,4,2,1,1
542,1,1,1,5,2,25,1,1,1,4,1,1,1
543,1,1,,,,,1,,,,,,
544,0,1,0,,,25,1,1,1,4,1,1,1
545,1,1,1,5,2,25,1,1,1,2,1,1,1
546,1,1,0,5,2,25,1,1,1,5,1,1,1
547,1,1,1,5,2,25,1,1,1,4,1,1,1
548,1,1,,,,,1,,,,,,
549,1,1,,,,,1,,,,,,
550,1,1,,,,,1,,,,,,
551,,1,0,2,2,20,1,1,1,4,1,1,1
552,1,0,,,,,1,,,,,,
553,1,1,,,,,1,,,,,,
554,1,1,0,5,2,25,1,1,1,5,1,1,1
555,1,1,,,,,1,,,,,,
556,,,,,,,,,,,,,
557,1,1,,,,,1,,,,,,
558,0,1,,,,,1,,,,,,
559,1,1,,,,,1,,,,,,
560,1,1,,,,,1,,,,,,
561,,1,1,5,,25,1,1,1,4,3,1,2
562,1,0,,,,,1,,,,,,
563,1,1,,,,,1,,,,,,
564,0,1,0,,1,25,1,1,4,1,2,1,1
565,1,1,0,5,2,20,1,1,2,4,1,1,2
566,1,0,1,2,2,25,1,1,1,5,1,1,1
567,1,1,0,5,2,25,1,1,1,4,1,1,1
568,0,1,0,5,2,25,1,1,1,5,1,1,3
569,0,1,,,,,1,,,,,,
570,1,1,,,,,1,,,,,,
571,1,1,0,5,2,25,1,1,1,4,1,1,1
572,0,1,,,,,0,,,,,,
573,0,0,,,,,1,,,,,,
574,1,1,0,5,1,25,1,1,1,4,1,1,1
575,0,1,,,,,1,,,,,,
576,0,1,,,,,1,,,,,,
577,,,,,,,,,,,,,
578,1,1,0,,,30,1,1,1,4,1,1,1
579,0,0,,,,,1,,,,,,
580,1,1,1,1,1,25,1,1,2,4,1,1,1
581,1,1,1,,1,25,1,1,1,5,1,1,1
582,1,1,0,2,2,20,1,1,1,4,1,1,1
583,1,1,0,5,2,25,1,1,1,5,1,1,1
584,1,0,,,,,1,,,,,,
585,1,1,,,,,1,,,,,,
586,1,1,,,,,1,,,,,,
587,1,1,,,,,1,,,,,,
588,1,1,,,,,1,,,,,,
589,0,1,0,5,1,30,1,1,1,4,1,1,1
590,1,1,,,,,1,,,,,,
591,1,1,0,5,2,25,1,1,1,3,1,1,1
592,1,1,0,5,2,25,1,1,1,5,1,1,1
593,1,1,1,5,2,25,1,1,1,4,1,1,1
594,1,1,0,5,2,25,1,1,1,4,1,1,1
595,1,1,0,3,2,25,0,1,2,2,1,1,2
596,1,1,1,3,2,25,1,1,1,5,1,1,1
597,1,1,,,,,1,,,,,,
598,1,1,0,2,,20,1,1,1,4,1,1,1
599,1,1,0,5,2,25,1,2,2,5,1,1,2
600,1,1,0,5,2,25,1,1,1,5,1,1,1
601,1,1,0,,2,25,1,1,2,4,1,1,1
602,1,1,0,5,2,25,1,1,1,4,1,1,1
603,1,1,0,2,2,30,1,1,1,5,1,1,1
604,1,1,1,5,2,25,1,1,1,1,1,1,1
605,1,1,0,5,2,20,1,1,1,3,1,1,1
606,1,1,1,5,1,20,1,1,1,3,1,1,1
607,1,1,1,5,2,25,1,1,1,5,1,1,1
608,1,1,1,5,,30,1,1,1,5,1,1,1
609,1,1,1,5,2,25,1,1,1,5,1,1,1
610,1,1,1,5,2,25,1,1,1,5,1,1,1
611,1,1,1,5,2,30,1,1,2,3,1,1,2
612,1,1,1,2,2,25,1,1,1,4,1,1,1
613,1,1,0,3,2,25,1,1,1,4,1,1,1
614,1,1,0,5,2,20,1,1,2,3,1,1,1
615,1,1,0,5,2,20,1,1,1,4,1,1,1
616,1,0,0,5,1,20,1,2,3,2,1,2,2
617,1,1,1,5,2,25,1,1,1,5,1,1,1
618,1,1,1,5,2,25,1,1,1,4,1,1,1
619,1,1,1,5,2,25,1,1,1,3,1,1,1
620,1,1,1,2,2,20,1,1,1,3,1,1,1
621,1,1,1,5,2,25,1,1,1,5,1,1,1
622,1,1,0,2,2,25,1,1,1,4,1,1,1
623,1,1,1,3,2,25,1,1,1,2,1,1,1
624,1,1,0,5,2,20,1,1,1,3,1,1,1
625,1,1,1,5,2,20,1,1,1,4,1,1,1
626,1,1,0,5,2,25,1,1,1,4,1,1,1
627,1,1,,,,,1,,,,,,
628,1,1,,,,,1,,,,,,
629,1,1,0,5,2,25,1,1,2,5,1,1,1
630,1,1,0,3,2,20,1,1,1,2,1,1,2
631,1,1,0,3,2,25,1,1,1,5,1,1,1
632,1,1,1,5,1,20,1,1,1,4,1,1,1
633,1,1,,,,,1,,,,,,
634,1,1,0,2,2,20,1,1,2,3,1,1,1
635,1,1,1,5,2,25,1,1,1,4,1,1,2
636,1,1,0,5,2,30,1,2,2,2,1,1,2
637,1,1,1,2,2,25,1,1,1,5,1,1,1
638,1,1,1,5,2,20,1,1,1,5,1,1,3
639,1,1,0,5,2,30,1,2,2,2,1,2,1
640,1,1,0,5,2,25,1,1,1,4,1,1,1
641,1,1,0,2,2,25,1,1,2,3,1,1,1
642,1,1,0,5,2,20,1,1,1,4,1,1,1
643,1,1,1,2,2,30,1,1,1,2,1,1,1
644,1,1,4,2,2,20,1,1,1,3,1,1,1
645,1,1,0,5,2,20,1,1,1,5,1,1,1
646,1,1,0,5,2,30,1,1,2,4,1,1,1
647,1,1,1,5,2,25,1,1,1,2,2,1,2
648,1,1,0,5,2,20,1,1,1,2,1,1,1
649,1,1,0,5,2,25,1,1,1,4,1,1,1
650,1,1,1,5,2,25,1,1,1,1,1,1,1
651,1,1,0,5,2,25,1,1,1,4,1,1,1
652,1,1,0,2,2,25,1,1,1,3,1,1,1
653,1,1,0,5,2,20,1,1,1,5,1,1,1
654,1,1,1,5,2,20,1,1,1,5,1,1,1
655,1,1,1,5,2,25,1,1,2,4,1,1,1
656,1,1,1,5,2,25,1,1,1,5,1,1,1
657,1,1,1,5,2,20,1,1,1,5,1,1,1
658,1,1,1,,2,25,1,1,1,5,3,1,1
659,1,1,,,,,1,,,,,,
660,1,1,,,,,1,,,,,,
661,1,1,,,,,1,,,,,,
662,1,1,,,,,1,,,,,,
663,1,1,1,5,2,30,1,1,1,5,1,1,1
664,1,1,1,5,2,25,1,1,1,5,1,1,1
665,1,1,0,5,2,25,1,1,1,5,1,1,1
666,1,1,1,2,2,25,1,2,2,4,1,1,2
667,1,1,0,5,2,25,1,1,2,3,1,1,2
668,1,1,1,5,2,25,1,1,1,4,1,1,1
669,1,1,0,5,2,25,1,1,1,5,1,1,1
670,1,1,1,2,2,20,1,1,1,4,1,1,1
671,1,1,0,5,2,25,1,1,1,5,1,1,1
672,1,1,1,5,2,25,1,1,2,3,3,1,2
673,1,1,1,5,2,25,1,1,1,3,1,1,1
674,1,1,0,5,2,30,1,1,1,4,1,1,1
675,1,1,1,5,2,25,1,1,1,4,1,1,2
676,1,1,0,5,2,25,1,1,1,2,1,1,1
677,1,1,0,2,2,25,1,1,1,5,1,1,1
678,1,1,1,5,2,25,1,1,1,5,1,1,1
679,1,1,0,5,2,20,1,1,1,5,1,1,1
680,1,0,0,2,2,20,1,1,1,5,1,1,1
681,1,1,1,,1,20,1,1,1,3,1,1,1
682,1,1,1,2,2,25,1,1,1,1,1,1,1
683,1,1,0,3,2,30,1,2,2,2,2,1,2
684,1,1,,,,,1,,,,,,
685,1,1,0,5,1,25,1,1,1,5,1,1,1
686,1,1,0,5,2,25,1,1,1,2,1,1,1
687,1,0,0,5,2,30,0,3,4,2,4,3,3
688,1,1,0,2,2,25,1,1,2,5,1,1,1
689,1,1,1,5,2,25,1,1,1,5,1,1,1
690,1,1,0,5,2,30,1,1,1,3,1,1,1
691,1,1,0,5,2,25,1,1,1,2,1,1,1
692,1,1,0,3,2,25,1,1,1,2,1,1,1
693,1,1,1,5,2,25,1,1,1,4,1,1,1
694,1,1,0,5,2,20,1,1,1,5,1,1,1
695,1,1,0,5,2,25,1,2,2,2,1,2,2
696,1,1,0,5,2,25,1,1,1,3,1,1,1
697,1,1,1,2,2,20,1,1,1,5,1,1,1
698,1,1,1,2,2,25,1,1,1,4,2,1,1
699,1,1,1,5,2,25,1,1,1,5,1,1,1
700,1,1,1,3,,25,1,1,1,4,1,1,1
701,1,0,1,5,2,30,1,1,1,5,1,1,1
702,1,1,0,5,2,20,1,2,2,4,1,1,1
703,1,1,0,5,2,20,1,1,1,5,1,1,1
704,1,1,1,3,2,,1,3,2,3,3,2,2
705,1,0,0,5,2,20,1,1,1,4,1,1,1
706,0,1,0,2,2,25,1,1,1,5,1,1,1
707,0,1,1,5,1,30,1,1,1,5,1,1,1
708,0,1,0,2,2,30,1,1,1,4,1,1,2
709,,1,0,5,2,25,1,1,1,5,1,1,2
710,1,0,3,5,2,25,0,4,5,2,4,3,4
711,1,1,1,5,2,25,1,1,1,5,1,1,1
712,1,1,1,5,2,25,1,1,1,5,1,1,1
713,0,0,0,5,1,30,0,4,4,2,2,2,2
714,0,1,0,5,2,25,1,2,1,4,1,1,1
715,0,1,0,,1,25,1,1,1,4,1,1,2
716,1,1,0,5,2,25,1,2,2,4,1,1,1
717,1,1,1,5,2,30,1,1,1,1,3,1,1
718,1,1,1,2,2,,1,1,2,4,1,1,2
719,1,1,0,5,2,25,1,1,1,4,1,1,1
720,1,1,1,5,2,30,1,1,2,4,2,1,1
721,1,1,0,5,2,20,1,1,1,4,1,1,1
722,1,1,0,5,2,25,1,2,2,4,2,1,1
723,1,1,0,5,2,25,1,1,1,4,1,1,1
724,1,1,0,5,2,25,1,1,1,5,1,1,1
725,1,1,0,2,2,25,0,3,2,2,2,2,2
726,1,1,0,,1,25,1,1,1,5,1,1,1
727,1,1,1,5,2,25,1,1,1,5,1,1,1
728,0,1,0,5,2,30,1,1,1,4,1,1,1
729,1,1,1,5,2,25,0,3,4,2,5,5,5
730,1,1,1,5,2,25,1,1,1,3,1,1,1
731,1,1,0,5,2,25,1,1,1,5,1,1,1
732,1,1,0,5,2,25,1,2,2,4,1,1,4
733,1,1,1,5,2,30,1,1,1,4,1,1,1
734,1,1,0,5,2,25,0,3,5,1,4,4,5
735,1,1,0,2,2,20,1,2,1,3,1,1,2
736,0,1,0,5,2,20,1,1,1,4,1,1,1
737,1,1,0,5,2,25,1,1,2,3,1,1,1
738,1,1,1,3,2,,1,1,1,2,1,1,1
739,1,1,0,1,1,20,1,2,2,2,2,1,1
740,1,1,1,3,2,20,1,1,1,2,1,1,1
741,1,1,1,5,2,25,1,1,2,3,1,1,1
742,1,1,0,2,2,25,1,2,3,2,3,1,2
743,1,1,3,5,2,25,1,1,1,4,1,1,1
744,1,1,0,5,2,20,1,1,1,5,1,1,1
745,1,1,0,5,2,20,1,2,2,4,2,2,2
746,1,0,1,5,2,25,0,1,3,4,5,3,5
747,1,1,4,,,25,1,1,1,5,1,1,1
748,1,1,1,5,2,25,1,1,1,5,1,1,1
749,1,1,0,5,2,25,1,1,1,4,1,1,1
750,1,1,1,5,2,20,1,1,1,4,1,1,1
751,1,1,0,5,2,25,1,1,1,4,1,1,1
752,1,0,1,5,2,30,1,1,2,2,1,1,1
753,1,1,4,,,25,0,2,2,3,3,4,3
754,1,1,0,2,2,25,1,1,1,4,1,1,1
755,1,1,,,,,1,,,,,,
756,1,1,3,5,2,20,1,1,1,5,1,1,1
757,1,1,,,,,1,,,,,,
758,1,1,,,,,1,,,,,,
759,1,1,,,,,1,,,,,,
760,1,1,1,5,2,20,1,2,1,2,1,1,1
761,1,1,,,,,1,,,,,,
762,1,1,0,5,2,25,1,1,1,2,1,1,1
763,1,1,0,,1,,0,,,,,,
764,1,1,1,5,2,25,0,2,2,4,3,1,2
765,1,1,0,5,2,25,1,1,1,4,1,1,1
766,1,1,0,5,2,20,1,1,1,2,1,1,1
767,1,1,1,5,2,25,1,3,3,1,2,2,4
768,1,1,0,5,2,25,1,1,1,5,1,1,1
769,1,1,1,5,2,25,1,1,1,5,1,1,1
770,1,1,1,2,2,20,1,1,1,3,2,1,1
771,1,1,0,5,2,25,1,1,1,5,1,1,1
772,1,1,0,5,2,20,1,1,1,4,1,1,1
773,1,1,0,5,2,25,1,1,1,5,1,1,1
774,1,1,0,2,2,25,0,1,1,2,1,1,1
775,1,1,0,2,2,20,1,2,2,2,1,1,1
776,1,1,0,5,2,20,1,1,1,5,1,1,1
777,1,1,0,5,2,20,1,2,2,3,2,1,2
778,1,1,1,1,2,25,1,2,2,3,2,3,2
779,1,1,0,5,2,25,1,3,4,1,4,4,3
780,1,0,0,2,2,20,1,1,1,5,1,1,1
781,1,1,0,2,2,25,1,1,1,5,1,1,1
782,1,1,1,5,2,25,1,1,1,4,1,1,2
783,,1,0,5,2,25,1,1,1,4,1,1,1
784,1,1,0,5,2,25,1,1,1,4,1,1,1
785,1,1,0,5,2,20,1,1,1,4,1,1,1
786,1,1,0,5,2,25,1,1,1,5,1,1,1
787,1,1,0,3,2,30,1,1,1,4,1,1,1
788,1,1,0,5,2,25,1,1,1,5,1,1,1
789,1,1,0,5,2,20,1,1,1,2,1,1,1
790,1,1,1,5,,30,1,1,2,3,1,1,2
791,1,1,1,5,2,25,1,1,1,5,1,1,1
792,1,1,0,2,2,25,1,1,1,4,1,1,1
793,0,1,0,5,2,25,1,2,2,3,1,1,1
794,0,1,0,5,2,25,1,1,2,5,1,1,2
795,1,1,0,3,2,20,0,2,2,2,3,3,4
796,1,1,,,,,1,,,,,,
797,1,1,1,5,2,25,1,1,1,5,1,1,1
798,1,1,0,2,2,20,1,1,1,5,1,1,2
799,1,1,0,5,2,25,1,1,1,4,1,1,2
800,1,1,0,5,2,25,1,1,1,2,2,1,1
801,1,1,0,5,2,25,1,1,1,3,2,1,2
802,1,1,0,5,1,20,1,2,1,2,1,1,2
803,1,1,1,5,2,25,1,1,1,1,2,1,1
804,1,1,0,5,2,30,1,1,1,5,1,1,1
805,1,1,0,5,2,20,1,1,1,2,2,1,1
806,1,1,0,5,2,25,1,1,1,3,1,1,2
807,1,1,0,2,2,25,1,2,2,3,1,1,2
808,1,1,0,5,2,25,0,4,4,2,5,3,2
809,1,1,4,5,2,25,1,2,2,3,2,2,3
810,1,1,0,5,2,20,1,1,1,5,1,1,1
811,1,1,1,2,2,25,1,1,1,4,1,1,2
812,1,1,0,2,2,25,1,1,1,5,1,1,1
813,1,1,1,2,2,25,1,1,1,4,1,1,1
814,0,1,0,5,2,25,1,1,1,2,1,1,1
815,0,1,0,5,2,25,1,1,1,5,1,1,1
816,1,1,1,5,2,20,1,1,1,4,1,1,2
817,1,1,0,5,2,20,1,3,2,2,2,3,3
818,1,1,1,2,2,25,1,1,1,5,1,1,1
819,1,1,0,5,2,25,1,1,1,4,1,1,1
820,1,0,0,2,2,20,1,1,1,3,1,1,1
821,1,1,0,,2,25,1,1,1,3,1,1,1
822,1,1,,,,,1,,,,,,
823,1,1,0,5,2,25,1,1,1,5,1,1,1
824,1,1,0,5,2,20,1,1,1,4,1,1,1
825,1,1,1,5,2,20,1,1,1,4,1,1,2
826,1,1,1,2,2,20,1,1,1,3,1,1,2
827,1,1,0,5,2,30,1,1,1,4,1,1,1
828,1,1,0,5,2,25,1,1,1,4,1,1,1
829,1,1,1,5,2,25,1,1,1,5,1,1,1
830,1,1,1,5,2,30,1,2,2,2,1,1,2
831,1,1,0,2,2,20,1,1,2,2,1,1,1
832,1,1,1,5,2,25,1,1,1,4,1,1,1
833,1,1,,,,,1,,,,,,
834,1,1,1,2,2,20,1,1,1,5,1,1,1
835,,,,,,,,,,,,,
836,1,1,0,5,2,25,1,2,2,1,1,1,1
837,1,0,1,5,,25,1,1,1,4,1,1,2
838,0,1,0,5,2,25,1,1,1,5,1,1,1
839,0,1,0,5,2,30,1,3,4,2,4,2,4
840,0,1,0,5,2,30,1,1,1,5,1,1,1
841,0,1,0,5,2,30,1,1,1,2,1,1,2
842,1,1,4,5,2,30,1,3,4,2,5,3,2
843,0,1,0,3,2,30,1,2,2,2,2,2,2
844,1,1,,,,,1,,,,,,
845,1,1,1,5,2,25,0,3,4,2,5,5,4
846,1,1,0,5,2,25,1,1,1,5,1,1,1
847,0,1,0,5,2,25,0,2,1,4,5,2,2
848,1,1,1,5,2,25,1,1,1,,1,2,2
849,0,1,0,5,2,25,1,1,1,5,3,1,2
850,0,1,0,5,2,,1,1,1,1,1,1,1
851,0,1,0,5,2,30,1,1,1,4,3,1,1
852,0,1,0,5,1,30,1,1,1,2,1,1,1
853,0,1,4,1,1,30,0,3,5,1,5,3,5
854,0,0,1,5,2,30,0,5,5,1,5,5,1
855,0,1,1,5,1,20,1,2,2,5,2,1,1
856,0,1,0,5,2,30,1,1,2,4,3,1,1
857,0,1,0,5,,25,1,1,2,4,1,1,2
858,0,1,0,5,2,30,1,1,1,4,2,1,1
859,0,1,0,5,2,30,1,1,1,5,1,1,1
860,0,1,0,5,1,30,1,2,2,1,2,2,2
861,1,1,1,5,1,25,1,1,1,4,1,1,1
862,0,1,0,5,2,20,1,1,1,2,2,1,2
863,0,1,0,5,2,30,0,3,4,2,5,3,4
864,0,1,0,5,2,30,1,2,2,2,3,1,3
865,0,1,0,2,2,30,1,1,1,3,1,1,1
866,0,1,0,5,2,25,1,2,2,4,2,2,2
867,0,1,0,5,2,25,1,1,1,4,1,1,1
868,0,0,0,3,2,30,1,1,1,2,2,1,1
869,0,1,0,5,2,25,1,1,2,2,1,1,1
870,0,0,0,3,2,30,0,3,3,1,4,4,3
871,0,1,0,5,2,30,1,2,4,1,5,4,2
872,0,1,0,2,2,25,1,2,2,2,2,2,2
873,0,1,0,5,2,25,1,1,1,2,1,1,1
874,0,1,0,5,2,25,1,2,2,1,1,1,1
875,0,1,1,5,2,30,1,2,2,2,2,2,2
876,1,1,1,5,2,20,0,1,2,3,4,3,3
877,0,1,0,5,2,25,1,2,2,2,1,1,1
878,1,1,1,5,,20,1,2,3,2,2,2,3
879,0,1,0,1,2,30,0,5,5,1,5,5,5
880,0,1,0,2,2,25,1,2,2,2,1,1,2
881,0,1,0,5,2,30,0,3,3,4,3,2,4
882,1,1,1,5,2,25,1,1,1,5,1,1,1
883,0,1,0,5,2,30,1,2,2,3,3,2,2
884,0,1,0,5,2,25,1,2,1,4,1,1,2
885,0,1,0,5,2,30,1,1,1,3,1,1,1
886,0,1,0,5,2,25,1,1,1,4,1,1,1
887,0,1,0,5,2,25,1,1,2,2,1,1,1
888,0,1,0,2,2,25,1,3,2,2,2,2,2
889,0,1,0,2,2,30,1,1,2,4,1,1,1
890,0,1,0,5,2,30,1,2,2,2,2,1,2
891,1,1,,,,,1,,,,,,
892,0,1,0,5,2,25,0,5,5,1,5,5,5
893,0,1,0,5,2,30,1,1,1,2,1,1,1
894,0,1,0,1,1,30,1,1,1,3,1,1,1
895,0,1,4,,,30,1,2,2,1,1,2,3
896,0,1,1,5,1,30,1,1,1,5,2,1,1
897,1,1,1,5,2,30,1,3,3,3,3,3,4
898,0,1,0,5,1,30,1,1,1,4,1,1,1
899,0,1,0,5,2,25,1,1,1,2,1,1,1
900,0,1,0,5,2,30,1,2,3,1,2,4,3
901,0,1,0,2,1,30,1,1,1,4,1,1,1
902,0,1,0,5,2,25,1,1,1,4,1,1,1
903,0,1,0,5,1,30,1,2,1,4,1,1,1
904,0,1,0,5,2,25,0,4,5,1,2,5,2
905,,1,0,5,2,30,1,2,2,1,1,1,2
906,0,0,0,5,2,25,0,5,5,1,5,5,5
907,0,1,0,5,2,20,1,1,1,2,1,1,1
908,0,1,0,5,2,30,1,1,1,5,1,1,1
909,0,1,0,2,2,25,1,1,1,2,1,1,1
910,0,1,0,5,2,20,1,1,1,4,1,1,1
911,0,0,0,5,2,25,1,1,1,5,1,1,2
912,1,1,,,,,1,,,,,,
913,0,1,1,5,2,30,0,1,2,4,5,3,1
914,0,1,0,5,2,25,1,2,2,2,2,1,1
915,0,1,0,5,2,30,1,1,1,3,1,1,2
916,1,1,0,5,2,25,1,1,1,4,1,1,1
917,0,1,0,5,2,20,0,1,2,2,4,2,3
918,0,1,0,3,2,30,1,2,2,1,2,1,1
919,1,1,0,5,2,25,1,1,1,5,1,1,1
920,1,0,0,5,2,25,1,1,3,2,1,1,3
921,1,1,0,2,2,25,1,1,1,5,1,1,1
922,0,1,0,2,2,25,1,1,1,4,1,1,1
923,0,1,1,5,2,30,1,1,1,5,1,1,1
924,0,1,0,5,2,25,1,1,1,5,1,1,1
925,1,1,4,5,2,25,0,3,5,3,5,4,5
926,0,1,1,5,2,25,1,1,1,2,1,1,1
927,0,1,0,5,2,30,1,1,2,3,2,1,2
928,0,1,0,5,2,25,1,1,1,2,2,1,1
929,0,1,0,5,2,30,1,1,1,2,1,1,1
930,0,1,0,5,2,30,1,1,2,3,2,1,2
931,0,1,0,5,2,20,1,1,1,5,1,1,1
932,0,1,0,5,2,30,1,1,2,4,1,1,1
933,0,1,0,5,2,25,1,1,1,4,1,1,2
934,0,1,0,5,2,25,1,1,5,4,1,1,1
935,0,1,0,2,2,20,1,1,1,1,1,1,1
936,0,1,0,5,2,25,1,1,1,5,1,1,1
937,0,1,0,2,2,30,1,2,1,2,2,2,2
938,0,1,0,5,2,30,1,1,1,5,1,1,1
939,0,1,0,3,2,,1,1,1,4,1,1,2
940,0,0,0,2,2,30,1,2,2,2,1,1,2
941,0,1,0,2,2,,1,1,1,4,1,1,1
942,1,0,1,3,2,30,1,1,1,4,1,1,1
943,0,1,0,5,2,30,1,1,1,4,1,1,1
944,0,0,0,2,2,30,1,1,1,3,3,1,3
945,0,1,0,2,2,30,0,1,1,2,3,1,3
946,0,1,0,5,2,30,1,1,1,4,1,1,1
947,0,1,0,5,2,30,1,2,2,3,2,2,2
948,0,0,0,5,2,30,0,5,5,1,5,5,5
949,1,1,1,2,2,30,1,1,1,5,1,1,1
950,0,1,0,5,2,25,1,1,2,4,1,1,2
951,0,1,0,5,2,30,0,3,4,1,5,3,3
952,0,1,1,5,2,30,1,1,1,5,1,1,2
953,0,1,0,5,2,25,1,1,1,4,1,1,1
954,0,1,0,5,2,30,0,2,2,2,3,2,2
955,1,1,1,5,2,25,1,2,2,3,1,2,2
956,0,1,0,5,2,25,1,1,1,5,1,1,1
957,0,1,0,3,2,30,1,1,1,3,1,1,1
958,0,1,0,3,2,25,1,3,3,4,3,3,2
959,1,1,0,5,2,20,1,1,1,5,1,1,1
960,0,1,0,5,2,30,1,1,1,2,1,1,1
961,0,1,0,5,2,30,1,1,1,4,1,1,1
962,0,0,1,5,2,30,0,1,1,4,1,1,1
963,0,1,0,5,2,25,1,1,1,5,1,1,1
964,0,1,0,5,2,30,1,1,1,5,1,1,1
965,1,1,,,,,1,,,,,,
966,0,1,0,5,2,30,1,2,2,2,3,2,2
967,0,1,0,5,2,30,1,1,1,2,1,1,1
968,0,1,0,5,2,30,1,3,2,1,1,2,3
969,1,0,,,,,1,,,,,,
970,0,1,0,5,2,30,0,4,4,1,5,4,4
971,0,1,0,5,2,25,1,1,1,4,1,1,1
972,0,1,0,5,2,25,1,1,1,4,1,1,1
973,1,1,0,2,2,20,1,1,2,2,1,1,1
974,1,1,,,,,1,,,,,,
975,1,1,,,,,1,,,,,,
976,1,1,,,,,1,,,,,,
977,1,1,,,,,1,,,,,,
978,1,1,,,,,1,,,,,,
979,1,1,0,2,2,25,1,1,1,3,1,1,2
980,1,1,,,,,1,,,,,,
981,0,0,0,5,1,30,0,2,3,2,3,2,2
982,0,1,0,5,2,30,0,3,3,2,2,2,2
983,0,1,0,5,2,30,1,1,2,4,1,1,1
984,0,0,1,5,2,30,1,2,1,4,2,2,1
985,1,1,0,5,2,30,1,1,1,1,2,1,1
986,1,1,,,,,1,,,,,,
987,,,,,,,,,,,,,
988,0,0,1,5,2,30,0,3,3,2,5,3,3
989,0,1,0,3,2,25,1,2,4,2,2,2,3
990,0,1,0,5,2,25,0,4,5,5,5,5,5
991,1,1,0,2,2,20,1,2,2,2,2,1,2
992,1,1,0,5,2,25,1,1,1,4,1,1,1
993,1,1,0,,2,,1,1,1,5,1,1,1
994,1,1,0,5,2,20,1,2,2,2,1,1,1
995,0,1,4,5,,30,1,3,3,2,5,3,5
996,0,1,0,5,2,20,1,2,2,2,3,2,2
997,0,0,0,3,2,30,1,1,1,4,1,1,1
998,1,1,1,3,2,25,1,1,1,5,1,1,1
999,1,1,,,,,1,,,,,,
1000,1,1,,,,,1,,,,,,
1001,1,1,,,,,1,,,,,,
1002,1,1,,,,,1,,,,,,
1003,1,1,,,,,1,,,,,,
1004,1,0,,,,,1,,,,,,
1005,1,1,,,,,1,,,,,,
1006,1,1,,,,,1,,,,,,
1007,1,1,3,5,2,25,1,1,2,4,1,1,2
1008,1,1,,,,,0,,,,,,
1009,1,1,,,,,1,,,,,,
1010,0,1,,,,,1,,,,,,
1011,1,1,,,,,1,,,,,,
1012,1,1,1,5,2,25,1,1,1,4,1,1,2
1013,1,1,0,5,2,20,1,1,2,4,1,1,2
1014,1,1,1,5,2,30,1,2,2,4,1,1,2
1015,1,1,1,5,2,25,1,5,5,1,5,5,2
1016,1,1,0,5,1,25,1,2,2,2,1,1,1
1017,1,1,0,5,2,30,1,1,1,5,1,1,1
1018,1,1,0,5,2,25,0,3,4,2,2,3,4
1019,1,1,1,5,2,25,1,1,1,5,1,1,1
1020,0,0,,,,,1,,,,,,
1021,1,1,0,5,2,25,1,1,1,5,1,1,1
1022,0,1,,,,,1,,,,,,
1023,1,1,0,5,2,25,1,2,2,3,1,1,1
1024,0,1,,,,,1,,,,,,
1025,1,1,0,2,2,25,1,1,1,4,1,1,1
1026,1,1,0,3,1,30,1,1,1,4,1,1,1
1027,1,1,1,5,1,25,1,1,2,2,1,1,1
1028,0,1,,,,,1,,,,,,
1029,1,1,1,5,1,30,1,1,2,4,1,1,2
1030,1,1,1,5,2,25,1,1,2,5,1,1,2
1031,1,,,,,,1,,,,,,
1032,0,1,0,5,2,25,1,2,1,2,1,1,1
1033,0,1,,,,,1,,,,,,
1034,1,1,0,5,2,20,1,1,1,4,2,1,1
1035,0,1,,,,,1,,,,,,
1036,0,1,0,5,1,20,1,1,1,4,1,1,1
1039,0,1,0,5,2,30,1,1,1,5,1,1,1
1040,1,1,0,2,2,25,1,1,1,5,1,1,1
1041,0,1,0,5,2,25,0,3,3,1,3,4,4
1042,1,0,1,2,2,30,1,1,1,1,1,1,1
1043,0,1,0,5,2,25,1,1,1,5,1,1,1
1044,0,0,,,,,1,,,,,,
1045,1,1,1,2,2,25,1,1,1,4,1,1,1
1046,0,1,,,,,1,,,,,,
1047,0,1,0,5,2,30,1,1,2,2,2,2,2
1048,1,1,,,,,1,,,,,,
1049,1,1,0,5,2,25,1,1,1,2,1,1,1
1050,0,1,0,5,2,30,1,1,1,3,1,1,1
1051,0,1,0,5,2,30,1,1,1,5,1,1,1
1052,,,,,,,,,,,,,
1053,0,1,0,3,2,30,1,1,1,1,1,1,1
1054,0,1,,,,,1,,,,,,
1055,0,1,0,2,2,25,1,2,1,2,1,1,1
1056,1,1,,,,,1,,,,,,
1057,0,1,0,5,2,30,0,4,4,1,4,3,4
1058,0,1,0,5,2,30,1,1,1,4,1,1,1
1059,1,1,,,,,1,,,,,,
1060,1,1,,,,,1,,,,,,
1061,0,1,,,,,1,,,,,,
1062,1,1,0,2,2,25,1,1,1,5,1,1,1
1063,1,0,1,5,2,20,1,1,1,4,2,1,2
1064,1,1,0,5,2,20,1,1,1,5,1,1,1
1065,1,1,0,5,2,30,1,1,1,5,1,1,1
1066,1,1,0,5,2,25,0,2,2,2,1,1,1
1067,1,1,0,2,2,25,1,1,1,5,1,1,1
1068,1,1,0,5,2,20,0,2,1,1,3,2,3
1069,1,0,0,5,2,25,1,1,1,5,2,1,2
1070,1,1,0,1,1,25,1,1,1,5,1,1,1
1071,1,1,1,5,2,25,1,1,1,5,1,1,1
1072,,1,1,5,2,30,1,1,1,2,1,1,1
1073,1,1,0,5,2,25,1,2,1,4,1,1,1
1074,1,1,0,5,2,25,1,1,1,4,1,1,1
1075,1,1,0,5,2,25,1,1,1,5,1,1,1
1076,1,1,0,5,2,25,1,1,1,5,1,1,1
1077,1,1,0,4,1,25,1,1,1,5,1,1,1
1078,1,1,0,5,2,25,1,1,1,5,1,1,1
1079,1,1,1,5,2,20,1,1,1,5,1,1,1
1080,1,1,0,5,2,20,0,1,2,4,5,2,2
1081,1,1,0,5,2,20,1,1,1,2,1,1,1
1082,1,1,0,5,2,20,1,2,1,4,1,1,2
1083,1,1,1,5,2,25,1,2,1,4,3,2,2
1084,1,1,0,5,2,25,1,1,1,1,1,1,1
1085,1,1,0,5,2,20,1,1,1,5,1,1,1
1086,1,0,1,5,2,20,1,1,1,3,1,1,1
1087,1,1,1,5,2,20,1,1,1,5,1,1,1
1088,1,1,1,5,2,20,1,1,1,5,1,1,1
1089,1,1,1,5,2,25,1,1,1,5,1,1,1
1090,1,1,0,5,2,25,1,1,1,5,1,1,1
1091,1,1,1,5,2,25,1,1,1,4,1,1,1
1092,1,1,1,5,2,25,1,1,1,2,1,1,1
1093,1,1,0,5,2,25,1,1,2,5,1,1,2
1094,1,1,0,5,2,25,1,1,1,5,1,1,1
1095,1,1,0,1,2,25,1,1,1,3,1,1,1
1096,1,1,0,5,2,25,1,1,1,2,1,1,1
1097,1,1,1,5,2,25,1,1,1,5,1,1,1
1098,1,1,0,5,2,25,1,1,1,4,1,1,4
1099,1,1,0,5,2,25,1,1,1,4,1,1,1
1100,1,1,0,5,2,25,1,1,1,2,1,1,1
1101,1,1,0,5,2,25,1,1,1,5,1,1,1
1102,1,1,0,5,2,25,1,1,1,5,1,1,1
1103,1,1,0,2,2,25,1,1,1,4,1,1,1
1104,1,1,0,5,2,20,1,1,1,5,1,1,1
1105,1,1,1,5,2,25,1,1,1,4,1,1,1
1106,1,1,0,5,2,25,1,2,2,2,1,1,1
1107,1,1,1,5,2,25,1,1,1,4,1,1,1
1108,1,1,0,2,2,25,1,2,2,2,2,2,2
1109,1,1,0,5,2,25,1,1,1,4,1,1,1
1110,1,1,1,5,2,25,1,1,1,4,1,1,1
1111,1,1,1,2,2,20,1,1,2,3,2,1,1
1112,0,1,0,5,2,25,1,1,1,4,1,1,1
1113,1,1,1,5,2,25,1,1,1,2,1,1,1
1114,1,1,0,5,2,20,1,1,1,4,1,1,2
1115,1,1,0,5,2,25,1,1,1,4,1,1,2
1116,0,1,,,,,1,,,,,,
1117,1,1,0,5,2,20,1,1,1,5,1,1,1
1118,1,1,1,5,2,20,1,1,1,2,1,1,2
1119,1,1,,,,,1,,,,,,
1120,1,1,,,,,1,,,,,,
1121,1,1,,,,,1,,,,,,
1122,1,1,,,,,1,,,,,,
1123,1,1,,,,,1,,,,,,